{"Areas":[{"EnableLidarMap":true,"WallSize":{"x":5.53000020980835,"y":2.559999942779541},"LidarHost":"192.168.0.7","LidarPort":20108,"LidarPosition":{"x":2.765000104904175,"y":1.2799999713897706},"LidarRotation":{"x":0.0,"y":0.0,"z":0.0},"LidarInputMinX":-2.765000104904175,"LidarInputMinY":-1.2799999713897706,"LidarInputMaxX":0.0,"LidarInputMaxY":0.0,"LidarInputMaxDistance":0.25,"VideoSwitchSpeed":1.0,"VideoSize":{"x":4.147500038146973,"y":1.2799999713897706},"VideoOffset":{"x":2.0737500190734865,"y":1.9199999570846558},"VideoScaleMode":0,"TextSize":{"x":1.3825000524520875,"y":1.2799999713897706},"TextOffset":{"x":0.6912500262260437,"y":0.6399999856948853}},{"EnableLidarMap":true,"WallSize":{"x":5.53000020980835,"y":2.559999942779541},"LidarHost":"192.168.0.7","LidarPort":20108,"LidarPosition":{"x":2.765000104904175,"y":1.2799999713897706},"LidarRotation":{"x":0.0,"y":0.0,"z":0.0},"LidarInputMinX":0.0,"LidarInputMinY":-1.2799999713897706,"LidarInputMaxX":2.765000104904175,"LidarInputMaxY":0.0,"LidarInputMaxDistance":0.25,"VideoSwitchSpeed":1.0,"VideoSize":{"x":4.147500038146973,"y":1.2799999713897706},"VideoOffset":{"x":3.456249952316284,"y":0.6399999856948853},"VideoScaleMode":0,"TextSize":{"x":1.3825000524520875,"y":1.2799999713897706},"TextOffset":{"x":4.838749885559082,"y":1.9199999570846558}},{"EnableLidarMap":true,"WallSize":{"x":3.0,"y":2.559999942779541},"LidarHost":"192.168.0.8","LidarPort":20108,"LidarPosition":{"x":1.5,"y":1.2799999713897706},"LidarRotation":{"x":0.0,"y":0.0,"z":0.0},"LidarInputMinX":-1.5,"LidarInputMinY":-1.2799999713897706,"LidarInputMaxX":0.0,"LidarInputMaxY":0.0,"LidarInputMaxDistance":0.25,"VideoSwitchSpeed":1.0,"VideoSize":{"x":2.25,"y":1.2799999713897706},"VideoOffset":{"x":1.125,"y":1.9199999570846558},"VideoScaleMode":0,"TextSize":{"x":0.75,"y":1.2799999713897706},"TextOffset":{"x":0.375,"y":0.6399999856948853}},{"EnableLidarMap":true,"WallSize":{"x":3.0,"y":2.559999942779541},"LidarHost":"192.168.0.8","LidarPort":20108,"LidarPosition":{"x":1.5,"y":1.2799999713897706},"LidarRotation":{"x":0.0,"y":0.0,"z":0.0},"LidarInputMinX":0.0,"LidarInputMinY":-1.2799999713897706,"LidarInputMaxX":1.5,"LidarInputMaxY":0.0,"LidarInputMaxDistance":0.25,"VideoSwitchSpeed":1.0,"VideoSize":{"x":2.25,"y":1.2799999713897706},"VideoOffset":{"x":1.875,"y":0.6399999856948853},"VideoScaleMode":0,"TextSize":{"x":0.75,"y":1.2799999713897706},"TextOffset":{"x":2.625,"y":1.9199999570846558}}],"VideoFilePaths":["AVProVideoSamples/BigBuckBunny_720p30.mp4","AVProVideoSamples/BigBuckBunny_360p30.mp4"],"TextFilePaths":["AVProVideoSamples/BigBuckBunny_720p30.mp4","AVProVideoSamples/BigBuckBunny_360p30.mp4"]}